company_name,RSSD_ID,RefinedAddress,City,State,Pin,webAddress,EntityType,Incorporated,SIC_Code,FiscalYearEnd,Regulator,FilerStatus
JPMORGAN CHASE & CO,1039502,383 MADISON AVENUE,NEW YORK,NY,10017,,NATIONAL COMMERCIAL BANKS,"DE, US",6021,1231,SEC,Large Accelerated
BANK OF AMERICA CORP /DE/,1073757,BANK OF AMERICA CORPORATE CENTER,CHARLOTTE,NC,28255,,NATIONAL COMMERCIAL BANKS,"DE, US",6021,1231,SEC,Large Accelerated
CITIGROUP INC,1951350,388 GREENWICH STREET,NEW YORK,NY,10013,,NATIONAL COMMERCIAL BANKS,"DE, US",6021,1231,SEC,Large Accelerated
WELLS FARGO & COMPANY/MN,1120754,420 MONTGOMERY STREET,SAN FRANCISCO,CA,94163,,NATIONAL COMMERCIAL BANKS,"DE, US",6021,1231,SEC,Large Accelerated
US BANCORP DE,1119794,U.S. BANCORP,MINNEAPOLIS,MN,55402-7020,,NATIONAL COMMERCIAL BANKS,"DE, US",6021,1231,SEC,Large Accelerated
TRUIST FINANCIAL CORP,1074156,214 NORTH TRYON STREET,CHARLOTTE,NC,28202,,NATIONAL COMMERCIAL BANKS,"NC, US",6021,1231,SEC,Large Accelerated
BANK OF NEW YORK MELLON CORP,3587146,240 GREENWICH STREET,NEW YORK,NY,10286,,STATE COMMERCIAL BANKS,"DE, US",6022,1231,SEC,Large Accelerated
"PNC FINANCIAL SERVICES GROUP, INC.",1069778,THE TOWER AT PNC PLAZA,PITTSBURGH,PA,15222-2401,,NATIONAL COMMERCIAL BANKS,"PA, US",6021,1231,SEC,Large Accelerated
CAPITAL ONE FINANCIAL CORP,2277860,1680 CAPITAL ONE DRIVE,MCLEAN,VA,22102,,NATIONAL COMMERCIAL BANKS,"DE, US",6021,1231,SEC,Large Accelerated
STATE STREET CORP,1111435,ONE LINCOLN STREET,BOSTON,MA,02111,,STATE COMMERCIAL BANKS,"MA, US",6022,1231,SEC,Large Accelerated
HSBC USA INC /MD/,1020201,452 FIFTH AVE,NEW YORK,NY,10018,,NATIONAL COMMERCIAL BANKS,"MD, US",6021,1231,SEC,Non-Accelerated
FIFTH THIRD BANCORP,1070345,38 FOUNTAIN SQ PLZ,CINCINNATI,OH,45263,,STATE COMMERCIAL BANKS,"OH, US",6022,1231,SEC,Large Accelerated
ALLY FINANCIAL INC.,1562859,ALLY DETROIT CENTER,DETROIT,MI,48226,,STATE COMMERCIAL BANKS,"DE, US",6022,1231,SEC,Large Accelerated
CITIZENS FINANCIAL GROUP INC/RI,1132449,1 CITIZENS PLAZA,PROVIDENCE,RI,02903,,STATE COMMERCIAL BANKS,"DE, US",6022,1231,SEC,Large Accelerated
MUFG AMERICAS HOLDINGS CORP,1378434,1251 AVENUE OF THE AMERICAS,NEW YORK,NY,10020,,NATIONAL COMMERCIAL BANKS,"DE, US",6021,1231,SEC,Non-Accelerated
NORTHERN TRUST CORP,1199611,50 S LASALLE ST,CHICAGO,IL,60603,,STATE COMMERCIAL BANKS,"DE, US",6022,1231,SEC,Large Accelerated
KEYCORP /NEW/,1068025,127 PUBLIC SQ,CLEVELAND,OH,44114-1306,,NATIONAL COMMERCIAL BANKS,"OH, US",6021,1231,SEC,Large Accelerated
"SANTANDER HOLDINGS USA, INC.",3981856,75 STATE STREET,BOSTON,MA,02109,,NATIONAL COMMERCIAL BANKS,"VA, US",6021,1231,SEC,Non-Accelerated
REGIONS FINANCIAL CORP,3242838,1900 FIFTH AVENUE NORTH,BIRMINGHAM,AL,35203,,NATIONAL COMMERCIAL BANKS,"DE, US",6021,1231,SEC,Large Accelerated
M&T BANK CORP,1037003,C/O CORPORATE REPORTING,BUFFALO,NY,14203,,STATE COMMERCIAL BANKS,"NY, US",6022,1231,SEC,Large Accelerated
HUNTINGTON BANCSHARES INC/MD,1068191,HUNTINGTON CTR,COLUMBUS,OH,43287,,NATIONAL COMMERCIAL BANKS,"MD, US",6021,1231,SEC,Large Accelerated
"BBVA USA BANCSHARES, INC.",1078529,2200 POST OAK BLVD,HOUSTON,TX,77056,,NATIONAL COMMERCIAL BANKS,,6021,1231,SEC,Non-Accelerated
COMERICA INC /NEW/,1199844,1717 MAIN STREET MC6404,DALLAS,TX,75201,,NATIONAL COMMERCIAL BANKS,"DE, US",6021,1231,SEC,Large Accelerated
SVB FINANCIAL GROUP,1031449,3003 TASMAN DR,SANTA CLARA,CA,95054,,STATE COMMERCIAL BANKS,"DE, US",6022,1231,SEC,Large Accelerated
"ZIONS BANCORPORATION, NATIONAL ASSOCIATION /UT/",1027004,ONE SOUTH MAIN STREET,SALT LAKE CITY,UT,84133,,NATIONAL COMMERCIAL BANKS,"UT, US",6021,1231,SEC,Large Accelerated
CIT GROUP INC,1036967,1 CIT DRIVE,LIVINGSTON,NJ,07039,,NATIONAL COMMERCIAL BANKS,"DE, US",6021,1231,SEC,Large Accelerated
POPULAR INC,1129382,209 MUNOZ RIVERA AVE,HATO REY,00918,,,STATE COMMERCIAL BANKS,,6022,1231,SEC,Large Accelerated
SYNOVUS FINANCIAL CORP,1078846,1111 BAY AVENUE,COLUMBUS,GA,31901,,NATIONAL COMMERCIAL BANKS,"GA, US",6021,1231,SEC,Large Accelerated
TCF FINANCIAL CORP,1201934,333 W. FORT STREET,DETROIT,MI,48226,,NATIONAL COMMERCIAL BANKS,"MI, US",6021,1231,SEC,Large Accelerated
FIRST HORIZON NATIONAL CORP,1094640,165 MADISON AVENUE,MEMPHIS,TN,38103,,NATIONAL COMMERCIAL BANKS,"TN, US",6021,1231,SEC,Large Accelerated
BOK FINANCIAL CORP ET AL,1883693,BANK OF OKLAHOMA TOWER,TULSA,OK,74172,,NATIONAL COMMERCIAL BANKS,"OK, US",6021,1231,SEC,Large Accelerated
EAST WEST BANCORP INC,2734233,135 N. LOS ROBLES AVE. 7TH FLOOR,PASADENA,CA,91101,,STATE COMMERCIAL BANKS,,6022,1231,SEC,Large Accelerated
FIRST CITIZENS BANCSHARES INC /DE/,1075612,4300 SIX FORKS ROAD,RALEIGH,NC,27609,,STATE COMMERCIAL BANKS,"DE, US",6022,1231,SEC,Large Accelerated
VALLEY NATIONAL BANCORP,1048773,ONE PENN PLAZA,NEW YORK,NY,10119,,NATIONAL COMMERCIAL BANKS,"NJ, US",6021,1231,SEC,Large Accelerated
WINTRUST FINANCIAL CORP,2260406,"9700 WEST HIGGINS ROAD, 8TH FLOOR",ROSEMONT,IL,60018,,STATE COMMERCIAL BANKS,"IL, US",6022,1231,SEC,Large Accelerated
TEXAS CAPITAL BANCSHARES INC/TX,2706735,2000 MCKINNEY AVE,DALLAS,TX,75201,,STATE COMMERCIAL BANKS,,6022,1231,SEC,Large Accelerated
FNB CORP/PA/,3005332,F.N.B. CORPORATION,PITTSBURGH,PA,15212,,NATIONAL COMMERCIAL BANKS,"PA, US",6021,1231,SEC,Large Accelerated
"CULLEN/FROST BANKERS, INC.",1102367,111 W HOUSTON ST,SAN ANTONIO,TX,78205,,NATIONAL COMMERCIAL BANKS,"TX, US",6021,1231,SEC,Large Accelerated
ASSOCIATED BANC-CORP,1199563,433 MAIN STREET,GREEN BAY,WI,54301,,STATE COMMERCIAL BANKS,"WI, US",6022,1231,SEC,Large Accelerated
IBERIABANK CORP,2291914,200 WEST CONGRESS STREET,LAFAYETTE,LA,70501,,STATE COMMERCIAL BANKS,"LA, US",6022,1231,SEC,Large Accelerated
HANCOCK WHITNEY CORP,1086533,ONE HANCOCK WHITNEY PLAZA,GULFPORT,MS,39501,,STATE COMMERCIAL BANKS,"MS, US",6022,1231,SEC,Large Accelerated
PROSPERITY BANCSHARES INC,1109599,4295 SAN FELIPE,HOUSTON,TX,77027,,STATE COMMERCIAL BANKS,"TX, US",6022,1231,SEC,Large Accelerated
WEBSTER FINANCIAL CORP,1145476,FRED SMITH,WATERBURY,CT,06702,,NATIONAL COMMERCIAL BANKS,"DE, US",6021,1231,SEC,Large Accelerated
STERLING BANCORP,3083291,400 RELLA BLVD,MONTEBELLO,NY,10901,,NATIONAL COMMERCIAL BANKS,"DE, US",6021,1231,SEC,Large Accelerated
PINNACLE FINANCIAL PARTNERS INC,2925657,150 THIRD AVENUE SOUTH,NASHVILLE,TN,37201,,NATIONAL COMMERCIAL BANKS,"TN, US",6021,1231,SEC,Large Accelerated
WESTERN ALLIANCE BANCORPORATION,2349815,ONE E. WASHINGTON STREET,PHOENIX,AZ,85004,,STATE COMMERCIAL BANKS,"DE, US",6022,1231,SEC,Large Accelerated
COMMERCE BANCSHARES INC /MO/,1049341,1000 WALNUT,KANSAS CITY,MO,64106,,STATE COMMERCIAL BANKS,"MO, US",6022,1231,SEC,Large Accelerated
"INVESTORS BANCORP, INC.",2477754,101 JFK PARKWAY,SHORT HILLS,NJ,07078,,STATE COMMERCIAL BANKS,,6022,1231,SEC,Large Accelerated
UMB FINANCIAL CORP,1049828,1010 GRAND AVE,KANSAS CITY,MO,64106,,NATIONAL COMMERCIAL BANKS,"MO, US",6021,1231,SEC,Large Accelerated
PACWEST BANCORP,2875332,130 S. STATE COLLEGE BLVD.,BREA,CA,92821,,NATIONAL COMMERCIAL BANKS,"DE, US",6021,1231,SEC,Large Accelerated
FULTON FINANCIAL CORP,1117129,ONE PENN SQ,LANCASTER,PA,17604,,NATIONAL COMMERCIAL BANKS,"PA, US",6021,1231,SEC,Large Accelerated
SIMMONS FIRST NATIONAL CORP,1094828,501 MAIN STREET,PINE BLUFF,AR,71601,,NATIONAL COMMERCIAL BANKS,"AR, US",6021,1231,SEC,Large Accelerated
"FIRST HAWAIIAN, INC.",1025608,999 BISHOP STREET,HONOLULU,HI,96813,,STATE COMMERCIAL BANKS,"DE, US",6022,1231,SEC,Large Accelerated
OLD NATIONAL BANCORP /IN/,1098303,ONE MAIN ST,EVANSVILLE,IN,47708,,NATIONAL COMMERCIAL BANKS,"IN, US",6021,1231,SEC,Large Accelerated
UNITED BANKSHARES INC/WV,1076217,300 UNITED CTR,CHARLESTON,WV,25301,,STATE COMMERCIAL BANKS,"WV, US",6022,1231,SEC,Large Accelerated
FIRST MIDWEST BANCORP INC,1208184,8750 WEST BRYN MAWR AVENUE,CHICAGO,IL,60631,,NATIONAL COMMERCIAL BANKS,"DE, US",6021,1231,SEC,Large Accelerated
CENTERSTATE BANK CORP,2868129,1101 FIRST ST. S.,WINTER HAVEN,FL,33880,,NATIONAL COMMERCIAL BANKS,"FL, US",6021,1231,SEC,Large Accelerated
BANK OF HAWAII CORP,1025309,130 MERCHANT STREET,HONOLULU,HI,96813,,STATE COMMERCIAL BANKS,"DE, US",6022,1231,SEC,Large Accelerated
CATHAY GENERAL BANCORP,1843080,777 N BROADWAY,LOS ANGELES,CA,90012,,STATE COMMERCIAL BANKS,"DE, US",6022,1231,SEC,Large Accelerated
AMERIS BANCORP,1082067,3490 PIEDMONT RD,ATLANTA,GA,30305,,STATE COMMERCIAL BANKS,"GA, US",6022,1231,SEC,Large Accelerated
ATLANTIC UNION BANKSHARES CORP,1971693,1051 EAST CARY STREET,RICHMOND,VA,23219,,STATE COMMERCIAL BANKS,"VA, US",6022,1231,SEC,Large Accelerated
CADENCE BANCORPORATION,4882802,2800 POST OAK BOULEVARD SUITE 3800,HOUSTON,TX,77056,,NATIONAL COMMERCIAL BANKS,"DE, US",6021,1231,SEC,Large Accelerated
SOUTH STATE CORP,1133437,520 GERVAIS STREET,COLUMBIA,SC,29201,,STATE COMMERCIAL BANKS,"SC, US",6022,1231,SEC,Large Accelerated
HOPE BANCORP INC,2961879,3200 WILSHIRE BLVD,LOS ANGELES,CA,90010,,NATIONAL COMMERCIAL BANKS,,6021,1231,SEC,Large Accelerated
WESBANCO INC,1070448,1 BANK PLAZA,WHEELING,WV,26003,,NATIONAL COMMERCIAL BANKS,"WV, US",6021,1231,SEC,Large Accelerated
HILLTOP HOLDINGS INC.,3838727,6565 HILLCREST AVE.,DALLAS,TX,75205,,STATE COMMERCIAL BANKS,"MD, US",6022,1231,SEC,Large Accelerated
"INDEPENDENT BANK GROUP, INC.",3140288,1600 REDBUD BOULEVARD,MCKINNEY,TX,75069,,STATE COMMERCIAL BANKS,"TX, US",6022,1231,SEC,Large Accelerated
HOME BANCSHARES INC,1491409,719 HARKRIDER,CONWAY,AR,72032,,STATE COMMERCIAL BANKS,"AR, US",6022,1231,SEC,Large Accelerated
"GLACIER BANCORP, INC.",2003975,49 COMMONS LOOP,KALISPELL,MT,59901,,STATE COMMERCIAL BANKS,"MT, US",6022,1231,SEC,Large Accelerated
FIRST FINANCIAL BANCORP /OH/,1071276,255 EAST FIFTH STREET,CINCINNATI,OH,45202,,NATIONAL COMMERCIAL BANKS,"OH, US",6021,1231,SEC,Large Accelerated
FIRST INTERSTATE BANCSYSTEM INC,1123670,P O BOX 30918,BILLINGS,MT,59116-0918,,STATE COMMERCIAL BANKS,"MT, US",6022,1231,SEC,Large Accelerated
"COLUMBIA BANKING SYSTEM, INC.",2078816,1301 A STREET,TACOMA,WA,98402,,STATE COMMERCIAL BANKS,"WA, US",6022,1231,SEC,Large Accelerated
TRUSTMARK CORP,1079562,248 E CAPITOL ST,JACKSON,MS,39201,,NATIONAL COMMERCIAL BANKS,"MS, US",6021,1231,SEC,Large Accelerated
RENASANT CORP,1098844,209 TROY STREET,TUPELO,MS,38804-4827,,STATE COMMERCIAL BANKS,"MS, US",6022,1231,SEC,Large Accelerated
HEARTLAND FINANCIAL USA INC,1206546,1398 CENTRAL AVE,DUBUQUE,IA,52001,,STATE COMMERCIAL BANKS,"DE, US",6022,1231,SEC,Large Accelerated
UNITED COMMUNITY BANKS INC,1249347,"P O BOX 398, 59 HIGHWAY 515",BLAIRSVILLE,GA,30512,,STATE COMMERCIAL BANKS,"GA, US",6022,1231,SEC,Large Accelerated
FIRST BANCORP /PR/,2744894,1519 PONCE DE LEON AVE,SAN JUAN,00908-0146,,,STATE COMMERCIAL BANKS,PR,6022,1231,SEC,Large Accelerated
BANNER CORP,2126977,10 S FIRST AVENUE,WALLA WALLA,WA,99362,,STATE COMMERCIAL BANKS,"WA, US",6022,1231,SEC,Large Accelerated
FIRST MERCHANTS CORP,1208559,200 E JACKSON ST,MUNCIE,IN,47308-0792,,NATIONAL COMMERCIAL BANKS,"IN, US",6021,1231,SEC,Large Accelerated
INTERNATIONAL BANCSHARES CORP,1104231,12OO SAN BERNARDO AVE,LAREDO,TX,78040-1359,,STATE COMMERCIAL BANKS,"TX, US",6022,1231,SEC,Large Accelerated
"GREAT WESTERN BANCORP, INC.",4809920,225 S. MAIN AVENUE,SIOUX FALLS,SD,57104,,STATE COMMERCIAL BANKS,"DE, US",6022,930,SEC,Large Accelerated
WSFS FINANCIAL CORP,3844269,500 DELAWARE AVENUE,WILMINGTON,DE,19801,,NATIONAL COMMERCIAL BANKS,"DE, US",6021,1231,SEC,Large Accelerated
"CUSTOMERS BANCORP, INC.",4284536,1015 PENN AVENUE,WYOMISSING,PA,19610,,STATE COMMERCIAL BANKS,"PA, US",6022,1231,SEC,Large Accelerated
INDEPENDENT BANK CORP,1136803,288 UNION STREET,ROCKLAND,MA,02370,,STATE COMMERCIAL BANKS,"MA, US",6022,1231,SEC,Large Accelerated
PACIFIC PREMIER BANCORP INC,3489594,17901 VON KARMAN AVE,IRVINE,CA,92614,,STATE COMMERCIAL BANKS,"DE, US",6022,1231,SEC,Large Accelerated
"COMMUNITY BANK SYSTEM, INC.",1048867,5790 WIDEWATERS PKWY,DEWITT,NY,13214,,NATIONAL COMMERCIAL BANKS,"DE, US",6021,1231,SEC,Large Accelerated
CVB FINANCIAL CORP,1029222,701 N HAVEN AVE STE 300,ONTARIO,CA,91764,,STATE COMMERCIAL BANKS,"CA, US",6022,1231,SEC,Large Accelerated
"NORTHWEST BANCSHARES, INC.",4122722,100 LIBERTY STREET,WARREN,PA,16365,,NATIONAL COMMERCIAL BANKS,"MD, US",6021,1231,SEC,Large Accelerated
EAGLE BANCORP INC,2652104,7830 OLD GEORGETOWN ROAD,BETHESDA,MD,20814,,STATE COMMERCIAL BANKS,"MD, US",6022,1231,SEC,Large Accelerated
FIRST BUSEY CORP /NV/,1203602,201 W MAIN STREET,URBANA,IL,61801,,STATE COMMERCIAL BANKS,"NV, US",6022,1231,SEC,Large Accelerated
FIRST FINANCIAL BANKSHARES INC,1102312,400 PINE STREET,ABILENE,TX,79601,,STATE COMMERCIAL BANKS,"TX, US",6022,1231,SEC,Large Accelerated
"SERVISFIRST BANCSHARES, INC.",3635319,2500 WOODCREST PLACE,BIRMINGHAM,AL,35209,,STATE COMMERCIAL BANKS,"DE, US",6022,1231,SEC,Large Accelerated
OFG BANCORP,2490575,254 MU?OZ RIVERA AVENUE,SAN JUAN,00918,,,STATE COMMERCIAL BANKS,PR,6022,1231,SEC,Large Accelerated
S&T BANCORP INC,1071397,800 PHILADELPHIA STREET,INDIANA,PA,15701,,STATE COMMERCIAL BANKS,"PA, US",6022,1231,SEC,Large Accelerated
"TRISTATE CAPITAL HOLDINGS, INC.",3475074,ONE OXFORD CENTRE,PITTSBURGH,PA,15219,,STATE COMMERCIAL BANKS,"PA, US",6022,1231,SEC,Accelerated
SANDY SPRING BANCORP INC,1248304,17801 GEORGIA AVE,OLNEY,MD,20832,,NATIONAL COMMERCIAL BANKS,,6021,1231,SEC,Large Accelerated
BOSTON PRIVATE FINANCIAL HOLDINGS INC,1248078,10 POST OFFICE SQ,BOSTON,MA,02109,,STATE COMMERCIAL BANKS,"MA, US",6022,1231,SEC,Large Accelerated
PARK NATIONAL CORP /OH/,1142336,50 NORTH THIRD ST,NEWARK,OH,43055,,NATIONAL COMMERCIAL BANKS,"OH, US",6021,1231,SEC,Large Accelerated
BANCFIRST CORP /OK/,1133286,101 N BROADWAY STE 200,OKLAHOMA CITY,OK,73102-8401,,NATIONAL COMMERCIAL BANKS,"OK, US",6021,1231,SEC,Large Accelerated
"VERITEX HOLDINGS, INC.",4105266,8214 WESTCHESTER DRIVE,DALLAS,TX,75225,,STATE COMMERCIAL BANKS,"TX, US",6022,1231,SEC,Large Accelerated
AMERANT BANCORP INC.,1135972,220 ALHAMBRA CIRCLE,CORAL GABLES,FL,33134,,NATIONAL COMMERCIAL BANKS,"FL, US",6021,1231,SEC,Accelerated
MERCHANTS BANCORP,3530786,410 MONON BLVD,CARMEL,IN,46032,,STATE COMMERCIAL BANKS,"IN, US",6022,1231,SEC,Accelerated
"BANC OF CALIFORNIA, INC.",3153130,3 MACARTHUR PLACE,SANTA ANA,CA,92707,,NATIONAL COMMERCIAL BANKS,"MD, US",6021,1231,SEC,Large Accelerated
ENTERPRISE FINANCIAL SERVICES CORP,2303910,150 NORTH MERAMEC,CLAYTON,MO,63105,,STATE COMMERCIAL BANKS,"DE, US",6022,1231,SEC,Large Accelerated
SEACOAST BANKING CORP OF FLORIDA,1085013,815 COLORADO AVE,STUART,FL,34994,,STATE COMMERCIAL BANKS,"FL, US",6022,1231,SEC,Large Accelerated
"CONNECTONE BANCORP, INC.",1048764,301 SYLVAN AVENUE,ENGLEWOOD CLIFFS,NJ,07632,,STATE COMMERCIAL BANKS,"NJ, US",6022,1231,SEC,Large Accelerated
SOUTHSIDE BANCSHARES INC,1245068,1201 S BECKHAM,TYLER,TX,75701,,STATE COMMERCIAL BANKS,"TX, US",6022,1231,SEC,Large Accelerated
FLUSHING FINANCIAL CORP,2393274,220 RXR PLAZA,UNIONDALE,NY,11556,,STATE COMMERCIAL BANKS,"DE, US",6022,1231,SEC,Large Accelerated
LUTHER BURBANK CORP,3814208,"520 THIRD STREET, 4TH FLOOR",SANTA ROSA,CA,95401,,STATE COMMERCIAL BANKS,"CA, US",6022,1231,SEC,Accelerated
LAKELAND BANCORP INC,1404799,250 OAK RIDGE RD,OAK RIDGE,NJ,07438,,STATE COMMERCIAL BANKS,"NJ, US",6022,1231,SEC,Large Accelerated
"HOMESTREET, INC.",3843507,601 UNION STREET,SEATTLE,WA,98101,,STATE COMMERCIAL BANKS,"WA, US",6022,1231,SEC,Accelerated
TOMPKINS FINANCIAL CORP,2367921,118 E SENECA STREET,ITHACA,NY,14850,,STATE COMMERCIAL BANKS,"NY, US",6022,1231,SEC,Large Accelerated
1ST SOURCE CORP,1199602,100 NORTH MICHIGAN STREET,SOUTH BEND,IN,46601,,STATE COMMERCIAL BANKS,"IN, US",6022,1231,SEC,Large Accelerated
FB FINANCIAL CORP,1132104,211 COMMERCE STREET,NASHVILLE,TN,37201,,STATE COMMERCIAL BANKS,"TN, US",6022,1231,SEC,Accelerated
FIRST FOUNDATION INC.,3842658,18101 VON KARMAN AVE,IRVINE,CA,92612,,STATE COMMERCIAL BANKS,"CA, US",6022,1231,SEC,Large Accelerated
TRICO BANCSHARES /,1030170,TRICO BANCSHARES,CHICO,CA,95973,,STATE COMMERCIAL BANKS,"CA, US",6022,1231,SEC,Large Accelerated
FIRST BANCORP /NC/,1076431,300 SW BROAD STREET,SOUTHERN PINES,NC,28387,,STATE COMMERCIAL BANKS,"NC, US",6022,1231,SEC,Large Accelerated
"MERIDIAN BANCORP, INC.",1902651,10 MERIDIAN STREET,EAST BOSTON,MA,02128,,NATIONAL COMMERCIAL BANKS,"MD, US",6021,1231,SEC,Large Accelerated
"MIDLAND STATES BANCORP, INC.",1491351,1201 NETWORK CENTRE DRIVE,EFFINGHAM,IL,62401,,STATE COMMERCIAL BANKS,"IL, US",6022,1231,SEC,Large Accelerated
CENTRAL PACIFIC FINANCIAL CORP,1022764,220 S KING ST,HONOLULU,HI,96813,,STATE COMMERCIAL BANKS,"HI, US",6022,1231,SEC,Large Accelerated
"ORIGIN BANCORP, INC.",1885307,500 S SERVICE ROAD EAST,RUSTON,LA,71270,,STATE COMMERCIAL BANKS,"LA, US",6022,1231,SEC,Large Accelerated
NATIONAL BANK HOLDINGS CORP,3973888,7800 EAST ORCHARD ROAD,GREENWOOD VILLAGE,CO,80111,,NATIONAL COMMERCIAL BANKS,"DE, US",6021,1231,SEC,Large Accelerated
META FINANCIAL GROUP INC,2390013,5501 SOUTH BROADBAND LANE,SIOUX FALLS,SD,57108,,NATIONAL COMMERCIAL BANKS,"DE, US",6021,930,SEC,Large Accelerated
"BYLINE BANCORP, INC.",1204627,,,,,,STATE COMMERCIAL BANKS,,6022,1231,SEC,Accelerated
REPUBLIC BANCORP INC /KY/,1097025,REPUBLIC CORPORATE CENTER,LOUISVILLE,KY,40202,,STATE COMMERCIAL BANKS,"KY, US",6022,1231,SEC,Accelerated
WESTAMERICA BANCORPORATION,1025541,1108 FIFTH AVE,SAN RAFAEL,CA,94901,,NATIONAL COMMERCIAL BANKS,"CA, US",6021,1231,SEC,Large Accelerated
WASHINGTON TRUST BANCORP INC,1115349,23 BROAD ST,WESTERLY,RI,02891,,STATE COMMERCIAL BANKS,"RI, US",6022,1231,SEC,Large Accelerated
HANMI FINANCIAL CORP,2900261,3660 WILSHIRE BLVD SUITE PH-A,LOS ANGELES,CA,90010,,NATIONAL COMMERCIAL BANKS,"DE, US",6021,1231,SEC,Large Accelerated
CENTURY BANCORP INC,1111088,400 MYSTIC AVENUE,MEDFORD,MA,01887,,STATE COMMERCIAL BANKS,"MA, US",6022,1231,SEC,Accelerated
UNIVEST FINANCIAL CORP,1116609,14 NORTH MAIN STREET,SOUDERTON,PA,18964,,STATE COMMERCIAL BANKS,"PA, US",6022,1231,SEC,Large Accelerated
"BANCORP, INC.",2858951,409 SILVERSIDE ROAD,WILMINGTON,DE,19809,,NATIONAL COMMERCIAL BANKS,"DE, US",6021,1231,SEC,Accelerated
"TRIUMPH BANCORP, INC.",3233126,12700 PARK CENTRAL DRIVE,DALLAS,TX,75251,,STATE COMMERCIAL BANKS,"TX, US",6022,1231,SEC,Large Accelerated
HORIZON BANCORP INC /IN/,1209136,515 FRANKLIN STREET,MICHIGAN CITY,IN,46360,,STATE COMMERCIAL BANKS,"IN, US",6022,1231,SEC,Large Accelerated
"LIVE OAK BANCSHARES, INC.",3884863,1741 TIBURON DRIVE,WILMINGTON,NC,28403,,STATE COMMERCIAL BANKS,"NC, US",6022,1231,SEC,Large Accelerated
TRUSTCO BANK CORP N Y,1048513,5 SARNOWSKI DRIVE,GLENVILLE,NY,12302,,STATE COMMERCIAL BANKS,"NY, US",6022,1231,SEC,Large Accelerated
QCR HOLDINGS INC,2125813,3551 7TH STREET,MOLINE,IL,61265,,STATE COMMERCIAL BANKS,"DE, US",6022,1231,SEC,Accelerated
CITY HOLDING CO,1076262,25 GATEWATER ROAD,CHARLESTON,WV,25313,,NATIONAL COMMERCIAL BANKS,"WV, US",6021,1231,SEC,Large Accelerated
"GREAT SOUTHERN BANCORP, INC.",2339133,1451 E BATTLEFIELD,SPRINGFIELD,MO,65804,,STATE COMMERCIAL BANKS,"MD, US",6022,1231,SEC,Accelerated
"CROSSFIRST BANKSHARES, INC.",,11440 TOMAHAWK CREEK PARKWAY,LEAWOOD,KS,66211,,STATE COMMERCIAL BANKS,"KS, US",6022,1231,SEC,Non-Accelerated
"BRIDGE BANCORP, INC.",1416523,2200 MONTAUK HGWAY,BRIDGEHAMPTON,NY,11932,,NATIONAL COMMERCIAL BANKS,"NY, US",6021,1231,SEC,Accelerated
LAKELAND FINANCIAL CORP,1208906,202 E CENTER ST,WARSAW,IN,46581-1387,,STATE COMMERCIAL BANKS,"IN, US",6022,1231,SEC,Large Accelerated
"ALLEGIANCE BANCSHARES, INC.",3744239,8727 W. SAM HOUSTON PARKWAY N,HOUSTON,TX,77040,,STATE COMMERCIAL BANKS,"TX, US",6022,1231,SEC,Accelerated
"MIDWESTONE FINANCIAL GROUP, INC.",1245228,102 SOUTH CLINTON ST.,IOWA CITY,IA,52240,,STATE COMMERCIAL BANKS,"IA, US",6022,1231,SEC,Accelerated
CAMDEN NATIONAL CORP,1130249,TWO ELM ST,CAMDEN,ME,04843,,NATIONAL COMMERCIAL BANKS,"ME, US",6021,1231,SEC,Accelerated
FINANCIAL INSTITUTIONS INC,1032464,220 LIBERTY STREET,WARSAW,NY,14569,,NATIONAL COMMERCIAL BANKS,"NY, US",6021,1231,SEC,Accelerated
PEOPLES BANCORP INC,1070578,138 PUTNAM ST,MARIETTA,OH,45750-0738,,STATE COMMERCIAL BANKS,"OH, US",6022,1231,SEC,Accelerated
COMMUNITY TRUST BANCORP INC /KY/,1070644,346 NORTH MAYO TRAIL,PIKEVILLE,KY,41502-2947,,STATE COMMERCIAL BANKS,"KY, US",6022,1231,SEC,Large Accelerated
"GERMAN AMERICAN BANCORP, INC.",1098620,711 MAIN ST,JASPER,IN,47546,,STATE COMMERCIAL BANKS,"IN, US",6022,1231,SEC,Large Accelerated
FIRST INTERNET BANCORP,3393178,11201 USA PARKWAY,FISHERS,IN,46037,,STATE COMMERCIAL BANKS,"IN, US",6022,1231,SEC,Accelerated
"HARBORONE BANCORP, INC.",,770 OAK STREET,BROCKTON,MA,02301,,STATE COMMERCIAL BANKS,"DE, US",6022,1231,SEC,Accelerated
FIRST OF LONG ISLAND CORP,1048894,10 GLEN HEAD RD,GLEN HEAD,NY,11545,,NATIONAL COMMERCIAL BANKS,"NY, US",6021,1231,SEC,Accelerated
HERITAGE COMMERCE CORP,2634874,150 ALMADEN BOULEVARD,SAN JOSE,CA,95113,,STATE COMMERCIAL BANKS,"CA, US",6022,1231,SEC,Accelerated
FIRST FINANCIAL CORP /IN/,1208595,ONE FIRST FINANCIAL PLAZA,TERRE HAUTE,IN,47807,,STATE COMMERCIAL BANKS,"IN, US",6022,1231,SEC,Accelerated
FIRST BANCSHARES INC /MS/,2385493,6480 US HIGHWAY 98 WEST,HATTIESBURG,MS,39402,,NATIONAL COMMERCIAL BANKS,"MS, US",6021,1231,SEC,Accelerated
EQUITY BANCSHARES INC,3180547,"7701 E. KELLOGG DRIVE, SUITE 200",WICHITA,KS,67207,,STATE COMMERCIAL BANKS,"KS, US",6022,1231,SEC,Accelerated
"FIRST MID BANCSHARES, INC.",1206760,1515 CHARLESTON AVE,MATTOON,IL,61938,,STATE COMMERCIAL BANKS,"DE, US",6022,1231,SEC,Accelerated
FRANKLIN FINANCIAL NETWORK INC.,3637582,722 COLUMBIA AVENUE,FRANKLIN,TN,37064,,STATE COMMERCIAL BANKS,"TN, US",6022,1231,SEC,Accelerated
"STOCK YARDS BANCORP, INC.",1249730,1040 E MAIN ST,LOUISVILLE,KY,40206,,STATE COMMERCIAL BANKS,"KY, US",6022,1231,SEC,Large Accelerated
CNB FINANCIAL CORP/PA,1118340,1 SOUTH SECOND STREET,CLEARFIELD,PA,16830,,STATE COMMERCIAL BANKS,"PA, US",6022,1231,SEC,Accelerated
NICOLET BANKSHARES INC,3103603,111 N WASHINGTON ST,GREEN BAY,WI,54301,,NATIONAL COMMERCIAL BANKS,"WI, US",6021,1231,SEC,Accelerated
FARMERS & MERCHANTS BANCORP,2781910,FARMERS AND MERCHANTS BANCORP,LODI,CA,95240-2184,,NATIONAL COMMERCIAL BANKS,"DE, US",6021,1231,SEC,Accelerated
BAR HARBOR BANKSHARES,1115385,82 MAIN ST,BAR HARBOR,ME,04609-0400,,STATE COMMERCIAL BANKS,"ME, US",6022,1231,SEC,Accelerated
MERCANTILE BANK CORP,2608763,310 LEONARD STREET NW,GRAND RAPIDS,MI,49504,,STATE COMMERCIAL BANKS,"MI, US",6022,1231,SEC,Accelerated
INDEPENDENT BANK CORP /MI/,1201925,4200 E BELTLINE AVE,GRAND RAPIDS,MI,49525,,STATE COMMERCIAL BANKS,"MI, US",6022,1231,SEC,Accelerated
METROPOLITAN BANK HOLDING CORP.,2820211,99 PARK AVENUE,NEW YORK,NY,10016,,STATE COMMERCIAL BANKS,"NY, US",6022,1231,SEC,Accelerated
"CBTX, INC.",3594872,"9 GREENWAY PLAZA, SUITE 110",HOUSTON,TX,77046,,NATIONAL COMMERCIAL BANKS,"TX, US",6021,1231,SEC,Accelerated
ENTERPRISE BANCORP INC /MA/,2461016,222 MERRIMACK ST,LOWELL,MA,01852,,STATE COMMERCIAL BANKS,"MA, US",6022,1231,SEC,Accelerated
HILLS BANCORPORATION,1245291,131 MAIN ST,HILLS,IA,52235,,STATE COMMERCIAL BANKS,"IA, US",6022,1231,SEC,Accelerated
REPUBLIC FIRST BANCORP INC,1398807,TWO LIBERTY PLACE,PHILADELPHIA,PA,19102,,STATE COMMERCIAL BANKS,"PA, US",6022,1231,SEC,Accelerated
ARROW FINANCIAL CORP,1048812,250 GLEN ST,GLENS FALLS,NY,12801,,NATIONAL COMMERCIAL BANKS,"NY, US",6021,1231,SEC,Accelerated
"SOUTH PLAINS FINANCIAL, INC.",2033226,5219 CITY BANK PARKWAY,LUBBOCK,TX,79407-3544,,STATE COMMERCIAL BANKS,"TX, US",6022,1231,SEC,Non-Accelerated
"HBT FINANCIAL, INC.",,401 N. HERSHEY ROAD,BLOOMINGTON,IL,61702,,STATE COMMERCIAL BANKS,"DE, US",6022,1231,SEC,Non-Accelerated
RBB BANCORP,4176855,1055 WILSHIRE BOULEVARD,LOS ANGELES,CA,90017,,STATE COMMERCIAL BANKS,"CA, US",6022,1231,SEC,Accelerated
CAPITAL CITY BANK GROUP INC,1085509,217 N MONROE ST,TALLAHASSEE,FL,32301,,STATE COMMERCIAL BANKS,"FL, US",6022,1231,SEC,Accelerated
BANCPLUS CORP,,1068 HIGHLAND COLONY PARKWAY,RIDGELAND,MS,39157,,STATE COMMERCIAL BANKS,"MS, US",6022,1231,SEC,Non-Accelerated
WILSON BANK HOLDING CO,2004141,623 W MAIN STREET,LEBANON,TN,37087,,NATIONAL COMMERCIAL BANKS,"TN, US",6021,1231,SEC,Accelerated
SMARTFINANCIAL INC.,1131497,5401 KINGSTON PIKE,KNOXVILLE,TN,37919,,NATIONAL COMMERCIAL BANKS,"TN, US",6021,1231,SEC,Accelerated
CAMBRIDGE BANCORP,1115013,1336 MASSACHUSETTS AVENUE,CAMBRIDGE,MA,02138,,STATE COMMERCIAL BANKS,,6022,1231,SEC,Accelerated
SOUTHERN NATIONAL BANCORP OF VIRGINIA INC,3325740,1770 TIMBERWOOD BOULEVARD,CHARLOTTESVILLE,VA,22911,,STATE COMMERCIAL BANKS,"VA, US",6022,1231,SEC,Accelerated
FIRST COMMUNITY BANKSHARES INC /VA/,1478017,PO BOX 989,BLUEFIELD,VA,24605,,STATE COMMERCIAL BANKS,"VA, US",6022,1231,SEC,Accelerated
"ATLANTIC CAPITAL BANCSHARES, INC.",3555686,RESURGENS PLAZA,ATLANTA,GA,30326,,STATE COMMERCIAL BANKS,"GA, US",6022,1231,SEC,Accelerated
BANK OF MARIN BANCORP,3590388,"504 REDWOOD BOULEVARD, SUITE 100",NOVATO,CA,94947,,STATE COMMERCIAL BANKS,"CA, US",6022,1231,SEC,Accelerated
SIERRA BANCORP,2976396,86 NORTH MAIN STREET,PORTERVILLE,CA,93257,,STATE COMMERCIAL BANKS,"CA, US",6022,1231,SEC,Accelerated
FARMERS NATIONAL BANC CORP /OH/,1071191,20 S BROAD STREET,CANFIELD,OH,44406,,STATE COMMERCIAL BANKS,"OH, US",6022,1231,SEC,Accelerated
OLD SECOND BANCORP INC,1206911,37 S RIVER ST,AURORA,IL,60507,,STATE COMMERCIAL BANKS,"DE, US",6022,1231,SEC,Accelerated
"CIVISTA BANCSHARES, INC.",1246533,100 EAST WATER ST,SANDUSKY,OH,44870,,STATE COMMERCIAL BANKS,"OH, US",6022,1231,SEC,Accelerated
"SPIRIT OF TEXAS BANCSHARES, INC.",3818390,1836 SPIRIT OF TEXAS WAY,CONROE,TX,77301,,STATE COMMERCIAL BANKS,"TX, US",6022,1231,SEC,Accelerated
PEOPLES FINANCIAL SERVICES CORP.,1139541,150 N WASHINGTON AVE,SCRANTON,PA,18503,,NATIONAL COMMERCIAL BANKS,"PA, US",6021,1231,SEC,Accelerated
WEST BANCORPORATION INC,1210066,1601 22ND ST,WEST DES MOINES,IA,50266,,STATE COMMERCIAL BANKS,"IA, US",6022,1231,SEC,Accelerated
SUMMIT FINANCIAL GROUP INC,1247679,300 NORTH MAIN ST,MOOREFIELD,WV,26836,,STATE COMMERCIAL BANKS,"WV, US",6022,1231,SEC,Accelerated
ALERUS FINANCIAL CORP,,401 DEMERS AVE,GRAND FORKS,ND,58201,,NATIONAL COMMERCIAL BANKS,"DE, US",6021,1231,SEC,Non-Accelerated
HOWARD BANCORP INC,3386910,3301 BOSTON STREET,BALTIMORE,MD,21224,,STATE COMMERCIAL BANKS,"MD, US",6022,1231,SEC,Accelerated
AMERICAN NATIONAL BANKSHARES INC.,1076691,628 MAIN ST,DANVILLE,VA,24541,,NATIONAL COMMERCIAL BANKS,"VA, US",6021,1231,SEC,Accelerated
PEOPLE'S UTAH BANCORP,2748995,1 EAST MAIN STREET,AMERICAN FORK,UT,84003,,STATE COMMERCIAL BANKS,US,6022,1231,SEC,Accelerated
BRIDGEWATER BANCSHARES INC,3378764,3800 AMERICAN BOULEVARD WEST,BLOOMINGTON,MN,55431,,STATE COMMERCIAL BANKS,"MN, US",6022,1231,SEC,Accelerated
GUARANTY BANCSHARES INC /TX/,1862036,201 SOUTH JEFFERSON AVENUE,MOUNT PLEASANT,TX,75455,,NATIONAL COMMERCIAL BANKS,"TX, US",6021,1231,SEC,Accelerated
ORRSTOWN FINANCIAL SERVICES INC,1248153,77 E KING STREET,SHIPPENSBURG,PA,17257,,STATE COMMERCIAL BANKS,"PA, US",6022,1231,SEC,Accelerated
SOUTHERN FIRST BANCSHARES INC,2849799,100 VERDAE BOULEVARD,GREENVILLE,SC,29607,,NATIONAL COMMERCIAL BANKS,"SC, US",6021,1231,SEC,Accelerated
SILVERGATE CAPITAL CORP,,4250 EXECUTIVE SQUARE STE 300,LA JOLLA,CA,92037,,STATE COMMERCIAL BANKS,"MD, US",6022,1231,SEC,Non-Accelerated
MID PENN BANCORP INC,1944204,349 UNION STREET,MILLERSBURG,PA,17061,,STATE COMMERCIAL BANKS,"PA, US",6022,1231,SEC,Accelerated
"BUSINESS FIRST BANCSHARES, INC.",3488850,500 LAUREL STREET,BATON ROUGE,LA,70801,,STATE COMMERCIAL BANKS,"LA, US",6022,1231,SEC,Accelerated
BANK FIRST CORP,1208009,402 NORTH EIGHTH STREET,MANITOWOC,WI,54220,,NATIONAL COMMERCIAL BANKS,"WI, US",6021,1231,SEC,Accelerated
INVESTAR HOLDING CORP,4090054,10500 COURSEY BLVD,BATON ROUGE,LA,70816,,STATE COMMERCIAL BANKS,"LA, US",6022,1231,SEC,Accelerated
"FIRST BUSINESS FINANCIAL SERVICES, INC.",1247428,401 CHARMANY DRIVE,MADISON,WI,53719,,STATE COMMERCIAL BANKS,"WI, US",6022,1231,SEC,Accelerated
ACNB CORP,1117464,16 LINCOLN SQUARE,GETTYSBURG,PA,17325,,STATE COMMERCIAL BANKS,"PA, US",6022,1231,SEC,Accelerated
"RELIANT BANCORP, INC.",3729562,1736 CAROTHERS PARKWAY,BRENTWOOD,TN,37027,,STATE COMMERCIAL BANKS,"TN, US",6022,1231,SEC,Accelerated
BAYCOM CORP,5069897,500 YGNACIO VALLEY ROAD,WALNUT CREEK,CA,94596,,STATE COMMERCIAL BANKS,,6022,1231,SEC,Accelerated
"FIRST BANCORP, INC /ME/",1133932,P.O. BOX 940,DAMARISCOTTA,ME,04543,,NATIONAL COMMERCIAL BANKS,"ME, US",6021,1231,SEC,Accelerated
MVB FINANCIAL CORP,3211601,301 VIRGINIA AVENUE,FAIRMONT,WV,26554-2777,,STATE COMMERCIAL BANKS,"WV, US",6022,1231,SEC,Accelerated
SB ONE BANCORP,2461463,399 RTE 23,FRANKLIN,NJ,07416,,STATE COMMERCIAL BANKS,"NJ, US",6022,1231,SEC,Accelerated
"CAPSTAR FINANCIAL HOLDINGS, INC.",4933272,"1201 DEMONBREUN STREET, SUITE 700",NASHVILLE,TN,37203,,STATE COMMERCIAL BANKS,"TN, US",6022,1231,SEC,Accelerated
"BANKWELL FINANCIAL GROUP, INC.",3553815,208 ELM STREET,NEW CANAAN,CT,06840,,STATE COMMERCIAL BANKS,"CT, US",6022,1231,SEC,Accelerated
MACATAWA BANK CORP,2634696,10753 MACATAWA DRIVE,HOLLAND,MI,49424,,STATE COMMERCIAL BANKS,"MI, US",6022,1231,SEC,Accelerated
RED RIVER BANCSHARES INC,2743235,1412 CENTRE COURT DRIVE,ALEXANDRIA,LA,71301,,STATE COMMERCIAL BANKS,,6022,1231,SEC,Non-Accelerated
LEVEL ONE BANCORP INC,3612543,32991 HAMILTON COURT,FARMINGTON HILLS,MI,48334,,STATE COMMERCIAL BANKS,"MI, US",6022,1231,SEC,Accelerated
C & F FINANCIAL CORP,2183493,EIGHTH & MAIN STREETS,WEST POINT,VA,23181,,STATE COMMERCIAL BANKS,"VA, US",6022,1231,SEC,Accelerated
CHEMUNG FINANCIAL CORP,1133594,ONE CHEMUNG CANAL PLZ,ELMIRA,NY,14902,,STATE COMMERCIAL BANKS,"NY, US",6022,1231,SEC,Accelerated
COMMUNITY FINANCIAL CORP /MD/,2523389,3035 LEONARDTOWN RD,WALDORF,MD,20601,,STATE COMMERCIAL BANKS,"MD, US",6022,1231,SEC,Accelerated
ISABELLA BANK CORP,1401118,401 NORTH MAIN STREET,MT PLEASANT,MI,48858,,STATE COMMERCIAL BANKS,"MI, US",6022,1231,SEC,Non-Accelerated
"PARKE BANCORP, INC.",3347292,601 DELSEA DRIVE,WASHINGTON TOWNSHIP,NJ,08080,,STATE COMMERCIAL BANKS,"NJ, US",6022,1231,SEC,Accelerated
PCB BANCORP,3595084,3701 WILSHIRE BLVD,LOS ANGELES,CA,90010,,STATE COMMERCIAL BANKS,,6022,1231,SEC,Accelerated
AMES NATIONAL CORP,1202258,PO BOX 846,AMES,IA,50010,,NATIONAL COMMERCIAL BANKS,"IA, US",6021,1231,SEC,Accelerated
FIRST CHOICE BANCORP,5163003,"17785 CENTER COURT DRIVE N., SUITE 750",CERRITOS,CA,90703,,STATE COMMERCIAL BANKS,"CA, US",6022,1231,SEC,Accelerated
PREMIER FINANCIAL BANCORP INC,2007647,2883 FIFTH AVENUE,HUNTINGTON,WV,25702,,STATE COMMERCIAL BANKS,"KY, US",6022,1231,SEC,Accelerated
UNITY BANCORP INC /NJ/,2181426,64 OLD HIGHWAY 22,CLINTON,NJ,08809,,STATE COMMERCIAL BANKS,"NJ, US",6022,1231,SEC,Accelerated
PENNS WOODS BANCORP INC,1117688,115 S MAIN ST,JERSEY SHORE,PA,17740,,STATE COMMERCIAL BANKS,"PA, US",6022,1231,SEC,Accelerated
PROFESSIONAL HOLDING CORP.,,"396 ALHAMBRA CIRCLE, STE. 255",CORAL GABLES,FL,33146,,NATIONAL COMMERCIAL BANKS,"FL, US",6021,1231,SEC,Non-Accelerated
LCNB CORP,2759900,2 NORTH BROADWAY,LEBANON,OH,45036,,NATIONAL COMMERCIAL BANKS,"OH, US",6021,1231,SEC,Accelerated
CITIZENS & NORTHERN CORP,1143623,90-92 MAIN ST,WELLSBORO,PA,16901,,STATE COMMERCIAL BANKS,"PA, US",6022,1231,SEC,Accelerated
CENTRAL VALLEY COMMUNITY BANCORP,2935405,"7100 N. FINANCIAL DRIVE, #101",FRESNO,CA,93720,,STATE COMMERCIAL BANKS,"CA, US",6022,1231,SEC,Accelerated
"METROCITY BANKSHARES, INC.",,5114 BUFORD HIGHWAY,DORAVILLE,GA,30340,,STATE COMMERCIAL BANKS,"GA, US",6022,1231,SEC,Non-Accelerated
"FVCBANKCORP, INC.",4875907,11325 RANDOM HILLS ROAD,FAIRFAX,VA,22030,,STATE COMMERCIAL BANKS,"VA, US",6022,1231,SEC,Accelerated
PACIFIC MERCANTILE BANCORP,2869733,949 SOUTH COAST DRIVE,COSTA MESA,CA,92626,,NATIONAL COMMERCIAL BANKS,"CA, US",6021,1231,SEC,Accelerated
SHORE BANCSHARES INC,2429838,18 EAST DOVER STREET,EASTON,MD,21601-3013,,NATIONAL COMMERCIAL BANKS,"MD, US",6021,1231,SEC,Accelerated
"HAWTHORN BANCSHARES, INC.",2038409,132 EAST HIGH STREET,JEFFERSON CITY,MO,65101,,NATIONAL COMMERCIAL BANKS,"MO, US",6021,1231,SEC,Accelerated
EVANS BANCORP INC,1401190,ONE GRIMSBY DRIVE,HAMBURG,NY,14075,,NATIONAL COMMERCIAL BANKS,"NY, US",6021,1231,SEC,Non-Accelerated
COLONY BANKCORP INC,1085170,115 SOUTH GRANT STREET,FITZGERALD,GA,31750,,STATE COMMERCIAL BANKS,"GA, US",6022,1231,SEC,Accelerated
CAPITAL BANCORP INC,2808590,One Church Street,ROCKVILLE,MD,20850,,NATIONAL COMMERCIAL BANKS,,6021,1231,SEC,Accelerated
CITIZENS FINANCIAL SERVICES INC,1118368,15 S MAIN ST,MANSFIELD,PA,16933,,STATE COMMERCIAL BANKS,"PA, US",6022,1231,SEC,Accelerated
FIRST UNITED CORP/MD/,1132672,19 S SECOND ST,OAKLAND,MD,21550,,NATIONAL COMMERCIAL BANKS,"MD, US",6021,1231,SEC,Accelerated
BANK OF COMMERCE HOLDINGS,1030040,1901 CHURN CREEK ROAD,REDDING,CA,96002,,STATE COMMERCIAL BANKS,"CA, US",6022,1231,SEC,Accelerated
COMMUNITY BANKERS TRUST CORP,3687046,9954 MAYLAND DRIVE,RICHMOND,VA,23233,,STATE COMMERCIAL BANKS,"VA, US",6022,1231,SEC,Accelerated
RIVER FINANCIAL CORP,4422851,2611 LEGENDS DRIVE,PRATTVILLE,AL,36066,,STATE COMMERCIAL BANKS,"AL, US",6022,1231,SEC,Non-Accelerated
CHOICEONE FINANCIAL SERVICES INC,1139297,109 E DIVISION,SPARTA,MI,49345-0186,,STATE COMMERCIAL BANKS,"MI, US",6022,1231,SEC,Accelerated
MACKINAC FINANCIAL CORP /MI/,1123933,130 SOUTH CEDAR STREET,MANISTIQUE,MI,49854,,STATE COMMERCIAL BANKS,"MI, US",6022,1231,SEC,Accelerated
"COUNTY BANCORP, INC.",2524788,860 NORTH RAPIDS ROAD,MANITOWOC,WI,54221-0700,,STATE COMMERCIAL BANKS,"WI, US",6022,1231,SEC,Accelerated
FIRST WESTERN FINANCIAL INC,3189906,"1900 SIXTEENTH ST, #1200",DENVER,CO,80202,,STATE COMMERCIAL BANKS,"CO, US",6022,1231,SEC,Accelerated
"FIRST FINANCIAL NORTHWEST, INC.",3843628,201 WELLS AVENUE SOUTH,RENTON,WA,98057,,STATE COMMERCIAL BANKS,,6022,1231,SEC,Accelerated
"MAINSTREET BANCSHARES, INC.",4977397,10089 FAIRFAX BOULEVARD,FAIRFAX,VA,22030,,STATE COMMERCIAL BANKS,"VA, US",6022,1231,SEC,Non-Accelerated
NATIONAL BANKSHARES INC,1139925,101 HUBBARD STREET,BLACKSBURG,VA,24060,,NATIONAL COMMERCIAL BANKS,"VA, US",6021,1231,SEC,Accelerated
"CB FINANCIAL SERVICES, INC.",3333718,100 NORTH MARKET STREET,CARMICHAELS,PA,15320,,STATE COMMERCIAL BANKS,"PA, US",6022,1231,SEC,Accelerated
MERIDIAN CORP,5033580,9 OLD LINCOLN HIGHWAY,MALVERN,PA,19355,,NATIONAL COMMERCIAL BANKS,"PA, US",6021,1231,SEC,Accelerated
"LIMESTONE BANCORP, INC.",1249712,2500 EASTPOINT PARKWAY,LOUISVILLE,KY,40223,,NATIONAL COMMERCIAL BANKS,"KY, US",6021,1231,SEC,Accelerated
MARLIN BUSINESS SERVICES CORP,3832583,300 FELLOWSHIP ROAD,MT. LAUREL,NJ,08054,,STATE COMMERCIAL BANKS,,6022,1231,SEC,Accelerated
"SELECT BANCORP, INC.",3207659,MARK A JEFFRIES,DUNN,NC,283351988,,STATE COMMERCIAL BANKS,"NC, US",6022,1231,SEC,Accelerated
DELMAR BANCORP,,2245 NORTHWOOD DRIVE,SALISBURY,MD,21801,,STATE COMMERCIAL BANKS,"MD, US",6022,1231,SEC,Non-Accelerated
FRANKLIN FINANCIAL SERVICES CORP /PA/,1118238,20 S MAIN ST,CHAMBERSBURG,PA,17201-0819,,STATE COMMERCIAL BANKS,"PA, US",6022,1231,SEC,Accelerated
"FNCB BANCORP, INC.",2560263,102 EAST DRINKER STREET,DUMORE,PA,18512,,NATIONAL COMMERCIAL BANKS,"PA, US",6021,1231,SEC,Accelerated
PEOPLES BANCORP OF NORTH CAROLINA INC,2818245,518 WEST C STREET,NEWTON,NC,28658-4007,,STATE COMMERCIAL BANKS,"NC, US",6022,1231,SEC,Accelerated
NORWOOD FINANCIAL CORP,2365356,717 MAIN ST,HONESDALE,PA,18431,,STATE COMMERCIAL BANKS,"PA, US",6022,1231,SEC,Accelerated
QNB CORP,1118434,15 NORTH THIRD STREET,QUAKERTOWN,PA,18951-9005,,STATE COMMERCIAL BANKS,"PA, US",6022,1231,SEC,Accelerated
CITIZENS HOLDING CO /MS/,1083475,P O BOX 209,PHILADELPHIA,MS,39350,,STATE COMMERCIAL BANKS,"MS, US",6022,1231,SEC,Accelerated
MIDDLEFIELD BANC CORP,1398740,15985 E HIGH ST,MIDDLEFILED,OH,44062-9263,,STATE COMMERCIAL BANKS,"OH, US",6022,1231,SEC,Accelerated
OP BANCORP,4980409,"1000 WILSHIRE BLVD., SUITE 500",LOS ANGELES,CA,90017,,STATE COMMERCIAL BANKS,"CA, US",6022,1231,SEC,Accelerated
CALIFORNIA BANCORP,,1300 CLAY STREET,OAKLAND,CA,94612,,STATE COMMERCIAL BANKS,"CA, US",6022,1231,SEC,Non-Accelerated
"EMBASSY BANCORP, INC.",3806511,100 GATEWAY DRIVE,BETHLEHEM,PA,18017,,STATE COMMERCIAL BANKS,"PA, US",6022,1231,SEC,Accelerated
FIRST COMMUNITY CORP /SC/,2337401,5455 SUNSET BLVD,LEXINGTON,SC,29072,,STATE COMMERCIAL BANKS,"SC, US",6022,1231,SEC,Accelerated
COASTAL FINANCIAL CORP,3203008,2817 COLBY AVENUE,EVERETT,WA,98201,,STATE COMMERCIAL BANKS,"WA, US",6022,1231,SEC,Accelerated
BAY BANKS OF VIRGINIA INC,2560665,1801 BAYBERRY COURT,RICHMOND,VA,23226,,STATE COMMERCIAL BANKS,"VA, US",6022,1231,SEC,Accelerated
ENB FINANCIAL CORP,3695957,31 E MAIN STREET,EPHRATA,PA,17522-0457,,NATIONAL COMMERCIAL BANKS,"PA, US",6021,1231,SEC,Non-Accelerated
"EAGLE BANCORP MONTANA, INC.",4126609,1400 PROSPECT AVE.,HELENA,MT,59604,,STATE COMMERCIAL BANKS,"DE, US",6022,1231,SEC,Accelerated
OAK VALLEY BANCORP,3726440,125 N. THIRD AVE.,OAKDALE,CA,95361,,STATE COMMERCIAL BANKS,"CA, US",6022,1231,SEC,Accelerated
KENTUCKY BANCSHARES INC /KY/,1070831,4TH & MAIN ST,PARIS,KY,40362-0157,,STATE COMMERCIAL BANKS,"KY, US",6022,1231,SEC,Accelerated
RIVERVIEW FINANCIAL CORP,2727495,3901 NORTH FRONT STREET,HARRISBURG,PA,17110,,NATIONAL COMMERCIAL BANKS,"PA, US",6021,1231,SEC,Accelerated
"PATHFINDER BANCORP, INC.",2596776,214 WEST FIRST STREET,OSWEGO,NY,13126,,STATE COMMERCIAL BANKS,"MD, US",6022,1231,SEC,Non-Accelerated
"SB FINANCIAL GROUP, INC.",1071454,401 CLINTON ST,DEFIANCE,OH,43512,,STATE COMMERCIAL BANKS,"OH, US",6022,1231,SEC,Accelerated
OLD POINT FINANCIAL CORP,1076673,1 WEST MELLEN ST,HAMPTON,VA,23663,,NATIONAL COMMERCIAL BANKS,"VA, US",6021,1231,SEC,Accelerated
FIDELITY D & D BANCORP INC,2858773,BLAKELY & DRINKER STREETS,DUNMORE,PA,18512,,NATIONAL COMMERCIAL BANKS,"PA, US",6021,1231,SEC,Accelerated
OHIO VALLEY BANC CORP,2012436,420 THIRD AVE,GALLIPOLIS,OH,45631,,STATE COMMERCIAL BANKS,"OH, US",6022,1231,SEC,Accelerated
SECURITY FEDERAL CORP,1253773,238 RICHLAND AVENUE NW,AIKEN,SC,29801,,STATE COMMERCIAL BANKS,"SC, US",6022,1231,SEC,Non-Accelerated
GUARANTY FEDERAL BANCSHARES INC,2618940,1341 WEST BATTLEFIELD,SPRINGFIELD,MO,65807,,STATE COMMERCIAL BANKS,"DE, US",6022,1231,SEC,Accelerated
"BLUE RIDGE BANKSHARES, INC.",,17 WEST MAIN STREET,LURAY,VA,22835,,STATE COMMERCIAL BANKS,"VA, US",6022,1231,SEC,Non-Accelerated
FIRST KEYSTONE CORP,1118265,111 W FRONT ST,BERWICK,PA,18603,,STATE COMMERCIAL BANKS,"PA, US",6022,1231,SEC,Accelerated
"RICHMOND MUTUAL BANCORPORATION, INC.",2624389,37 N. 9TH STREET,RICHMOND,IN,47374,,STATE COMMERCIAL BANKS,"MD, US",6022,1231,SEC,Non-Accelerated
PATRIOT NATIONAL BANCORP INC,2840479,900 BEDFORD ST,STAMFORD,CT,06901,,NATIONAL COMMERCIAL BANKS,"CT, US",6021,1231,SEC,Non-Accelerated
STANDARD AVB FINANCIAL CORP.,4183442,2640 MONROEVILLE BOULEVARD,MONROEVILLE,PA,15146,,STATE COMMERCIAL BANKS,,6022,1231,SEC,Accelerated
LANDMARK BANCORP INC,3030307,701 POYNTZ AVENUE,MANHATTAN,KS,66502,,NATIONAL COMMERCIAL BANKS,"CA, US",6021,1231,SEC,Accelerated
UNITED SECURITY BANCSHARES,3015975,2126 INYO STREET,FRESNO,CA,93721,,NATIONAL COMMERCIAL BANKS,"CA, US",6021,1231,SEC,Accelerated
BANK7 CORP.,3256134,1039 NW 63RD STREET,OKLAHOMA CITY,OK,73116,,STATE COMMERCIAL BANKS,"OK, US",6022,1231,SEC,Non-Accelerated
CENTRAL FEDERAL CORP,3828577,C/O CFBANK,WORTHINGTON,OH,43085,,NATIONAL COMMERCIAL BANKS,"DE, US",6021,1231,SEC,Non-Accelerated
EMCLAIRE FINANCIAL CORP,1480944,612 MAIN ST,EMLENTON,PA,16373,,NATIONAL COMMERCIAL BANKS,"PA, US",6021,1231,SEC,Non-Accelerated
COMMUNITY WEST BANCSHARES /,2626299,445 PINE AVE,GOLETA,CA,93117,,STATE COMMERCIAL BANKS,"CA, US",6022,1231,SEC,Non-Accelerated
UNITED BANCSHARES INC/OH,1136009,105 PROGRESSIVE DRIVE,COLUMBUS GROVE,OH,45830,,NATIONAL COMMERCIAL BANKS,"OH, US",6021,1231,SEC,Non-Accelerated
EAGLE FINANCIAL SERVICES INC,1951770,2 E MAIN ST,BERRYVILLE,VA,22611,,STATE COMMERCIAL BANKS,"VA, US",6022,1231,SEC,Accelerated
UNION BANKSHARES INC,1114940,P O BOX 667,MORRISVILLE,VT,05661-0667,,STATE COMMERCIAL BANKS,"VT, US",6022,1231,SEC,Accelerated
SEVERN BANCORP INC,3831465,200 WESTGATE CIRCLE,ANNAPOLIS,MD,21404,,NATIONAL COMMERCIAL BANKS,"MD, US",6021,1231,SEC,Accelerated
"AUBURN NATIONAL BANCORPORATION, INC",1129533,100 N GAY ST,AUBURN,AL,36831-3110,,STATE COMMERCIAL BANKS,"DE, US",6022,1231,SEC,Accelerated
F&M BANK CORP,1076495,P.O. BOX 1111,TIMBERVILLE,VA,22853,,STATE COMMERCIAL BANKS,"VA, US",6022,1231,SEC,Accelerated
FIRST NATIONAL CORP /VA/,1076123,112 WEST KING STREET,STRASBURG,VA,22657,,STATE COMMERCIAL BANKS,"VA, US",6022,1231,SEC,Accelerated
CSB BANCORP INC /OH,1967865,91 NORTH CLAY ST,MILLERSBURG,OH,44654,,STATE COMMERCIAL BANKS,"OH, US",6022,1231,SEC,Accelerated
FIRST US BANCSHARES INC,1086168,3291 U.S. HIGHWAY 280,BIRMINGHAM,AL,35243,,STATE COMMERCIAL BANKS,"DE, US",6022,1231,SEC,Non-Accelerated
COMMUNITY BANCORP /VT,1115040,4811 US ROUTE 5,DERBY,VT,05829,,NATIONAL COMMERCIAL BANKS,"VT, US",6021,1231,SEC,Accelerated
BANK OF THE JAMES FINANCIAL GROUP INC,3217032,P O BOX 1200,LYNCHBURG,VA,24505,,STATE COMMERCIAL BANKS,"VA, US",6022,1231,SEC,Non-Accelerated
"FAUQUIER BANKSHARES, INC.",1076600,10 COURTHOUSE,WARRENTON,VA,20186,,STATE COMMERCIAL BANKS,"VA, US",6022,1231,SEC,Accelerated
VIRGINIA NATIONAL BANKSHARES CORP,4517261,404 PEOPLE PLACE,CHARLOTTESVILLE,VA,22911,,NATIONAL COMMERCIAL BANKS,"VA, US",6021,1231,SEC,Accelerated
PARKWAY ACQUISITION CORP.,4949303,101 JACKSONVILLE CIRCLE,FLOYD,VA,24091,,STATE COMMERCIAL BANKS,"VA, US",6022,1231,SEC,Non-Accelerated
AMERICAN RIVER BANKSHARES,2312837,3100 ZINFANDEL DRIVE,RANCHO CORDOVA,CA,95670,,STATE COMMERCIAL BANKS,"CA, US",6022,1231,SEC,Accelerated
UNITED BANCORP INC /OH/,1071502,201 SOUTH FOURTH STREET,MARTINS FERRY,OH,43935,,STATE COMMERCIAL BANKS,"OH, US",6022,1231,SEC,Non-Accelerated
NEW PEOPLES BANKSHARES INC,3049617,67 COMMERCE DRIVE,HONAKER,VA,24260,,STATE COMMERCIAL BANKS,"VA, US",6022,1231,SEC,Non-Accelerated
UWHARRIE CAPITAL CORP,2082532,132 NORTH FIRST STREET,ALBEMARLE,NC,28001,,STATE COMMERCIAL BANKS,"NC, US",6022,1231,SEC,Non-Accelerated
JUNIATA VALLEY FINANCIAL CORP,1117512,2 SOUTH MAIN ST,MIFFLINTOWN,PA,17059-0066,,STATE COMMERCIAL BANKS,"PA, US",6022,1231,SEC,Accelerated
CONSUMERS BANCORP INC /OH/,2286228,614 E LINCOLN WAY,MINERVA,OH,44657-2096,,NATIONAL COMMERCIAL BANKS,"OH, US",6021,630,SEC,Non-Accelerated
"RANDOLPH BANCORP, INC.",3122846,10 CABOT PL,STOUGHTON,MA,02072,,STATE COMMERCIAL BANKS,"MA, US",6022,1231,SEC,Accelerated
PEOPLES FINANCIAL CORP /MS/,1133174,152 LAMEUSE STREET,BILOXI,MS,39530,,STATE COMMERCIAL BANKS,"MS, US",6022,1231,SEC,Non-Accelerated
VILLAGE BANK & TRUST FINANCIAL CORP.,3251027,13319 MIDLOTHIAN TURNPIKE,MIDLOTHIAN,VA,23113,,STATE COMMERCIAL BANKS,"VA, US",6022,1231,SEC,Non-Accelerated
PRIME MERIDIAN HOLDING CO,4167974,"1897 CAPITAL CIRCLE, NE",TALLAHASSEE,FL,32308,,STATE COMMERCIAL BANKS,"FL, US",6022,1231,SEC,Non-Accelerated
BANK OF SOUTH CAROLINA CORP,2297701,256 MEETING ST,CHARLESTON,SC,29402,,STATE COMMERCIAL BANKS,"SC, US",6022,1231,SEC,Non-Accelerated
"TECTONIC FINANCIAL, INC.",5077977,"16200 DALLAS PARKWAY, SUITE 190",DALLAS,TX,75248,,STATE COMMERCIAL BANKS,"TX, US",6022,1231,SEC,Non-Accelerated
GLEN BURNIE BANCORP,2001328,101 CRAIN HWY SE,GLEN BURNIE,MD,21227,,STATE COMMERCIAL BANKS,"MD, US",6022,1231,SEC,Non-Accelerated
"HV BANCORP, INC.",5042966,"2005 SOUTH EASTON ROAD, SUITE 304",DOYLESTOWN,PA,18901,,STATE COMMERCIAL BANKS,,6022,1231,SEC,Non-Accelerated
"OPTIMUMBANK HOLDINGS, INC.",3251661,2477 EAST COMMERCIAL BOULEVARD,FORT LAUDERDALE,FL,33308,,NATIONAL COMMERCIAL BANKS,"FL, US",6021,1231,SEC,Non-Accelerated
"TD HOLDINGS, INC.",,"ROOM 104 NO.33 SECTION D, NO.6",BEIJING,215200,,,NATIONAL COMMERCIAL BANKS,"DE, US",6021,1231,SEC,Non-Accelerated
